<?xml version = '1.0' encoding = 'UTF-8'?>
<InheritanceRelation class="oracle.dbtools.crest.model.design.logical.InheritanceRelation" name="Hierarchy_2" directorySegmentName="seg_0" id="C72B7807-DB52-853E-6A81-09D46D6C3C6F">
<createdBy>HP 2022</createdBy>
<createdTime>2023-06-04 21:54:48 UTC</createdTime>
<ownerDesignName>Base</ownerDesignName>
<engineerTo>
<item key="B635E19F-2177-D45C-85FB-5357BCF91494" value="true"/>
</engineerTo>
<identifying>false</identifying>
<nameOnSource>Super Type</nameOnSource>
<nameOnTarget>Sub Type</nameOnTarget>
<optionalSource>true</optionalSource>
<optionalTarget>true</optionalTarget>
<sourceEntity>89BA9115-59C3-35C5-DA39-4DF1FF217ED7</sourceEntity>
<targetEntity>7C883412-1069-D383-7734-0E3F1C2A4972</targetEntity>
<transferable>true</transferable>
<deleteRule>NO ACTION</deleteRule>
</InheritanceRelation>