<?xml version = '1.0' encoding = 'UTF-8'?>
<Relation class="oracle.dbtools.crest.model.design.logical.Relation" name="Relation_2" directorySegmentName="seg_0" id="DA8F0B7E-498A-2F06-7CA2-BBAFFFED1CA6">
<createdBy>HP 2022</createdBy>
<createdTime>2023-06-13 02:36:15 UTC</createdTime>
<ownerDesignName>Base</ownerDesignName>
<engineerTo>
<item key="B635E19F-2177-D45C-85FB-5357BCF91494" value="true"/>
</engineerTo>
<sourcePk>5E6F8A56-C141-8EB3-8491-7590613139A8</sourcePk>
<targetPk>A203F735-79E0-1C93-6577-AADFB2A78B64</targetPk>
<identifying>false</identifying>
<nameOnSource>debe tener</nameOnSource>
<nameOnTarget>tiene cada</nameOnTarget>
<optionalSource>false</optionalSource>
<optionalTarget>false</optionalTarget>
<sourceCardinality>1</sourceCardinality>
<sourceEntity>89BA9115-59C3-35C5-DA39-4DF1FF217ED7</sourceEntity>
<targetCardinalityString>1</targetCardinalityString>
<targetEntity>9B3FB0FF-5F09-5830-D864-06B8F0AA8D01</targetEntity>
<transferable>true</transferable>
<deleteRule>NO ACTION</deleteRule>
</Relation>