<?xml version = '1.0' encoding = 'UTF-8'?>
<Relation class="oracle.dbtools.crest.model.design.logical.Relation" name="Relation_3" directorySegmentName="seg_0" id="E7C03414-3376-B34E-5EE9-F4C1AAD6CC8E">
<createdBy>HP 2022</createdBy>
<createdTime>2023-06-13 02:37:44 UTC</createdTime>
<ownerDesignName>Base</ownerDesignName>
<engineerTo>
<item key="B635E19F-2177-D45C-85FB-5357BCF91494" value="true"/>
</engineerTo>
<sourcePk>5E6F8A56-C141-8EB3-8491-7590613139A8</sourcePk>
<targetPk>82C2013F-874E-416A-72AB-07C1C2855E23</targetPk>
<identifying>false</identifying>
<optionalSource>false</optionalSource>
<optionalTarget>false</optionalTarget>
<sourceCardinality>*</sourceCardinality>
<sourceEntity>89BA9115-59C3-35C5-DA39-4DF1FF217ED7</sourceEntity>
<targetCardinalityString>1</targetCardinalityString>
<targetEntity>B2C5D6AA-44EE-A780-CCDA-793B8A47B7DA</targetEntity>
<transferable>true</transferable>
<deleteRule>NO ACTION</deleteRule>
</Relation>