<?xml version = '1.0' encoding = 'UTF-8'?>
<Entity class="oracle.dbtools.crest.model.design.logical.Entity" directorySegmentName="seg_0" id="08FC5680-A4DE-CB17-24DB-544526151ED3" name="Proveedores">
<createdBy>HP 2022</createdBy>
<createdTime>2023-06-03 21:18:09 UTC</createdTime>
<ownerDesignName>Base</ownerDesignName>
<engineerTo>
<item key="B635E19F-2177-D45C-85FB-5357BCF91494" value="true"/>
</engineerTo>
<adequatelyNormalized>NO</adequatelyNormalized>
<expectedVolumes>0</expectedVolumes>
<fwdEngineeringStrategyName>Single Table</fwdEngineeringStrategyName>
<growthPercent>0</growthPercent>
<growthType>Year</growthType>
<maxVolumes>9999999</maxVolumes>
<minVolumes>0</minVolumes>
<normalForm>Third</normalForm>
<attributes itemClass="oracle.dbtools.crest.model.design.logical.Attribute">
<Attribute name="ID_proveedor" id="BE4CDB34-E3C7-0BCB-9710-F10CE9D25173">
<createdBy>HP 2022</createdBy>
<createdTime>2023-06-09 05:19:38 UTC</createdTime>
<ownerDesignName>Base</ownerDesignName>
<engineerTo>
<item key="B635E19F-2177-D45C-85FB-5357BCF91494" value="true"/>
</engineerTo>
<nullsAllowed>true</nullsAllowed>
<use>0</use>
<ownDataTypeParameters>,,</ownDataTypeParameters>
</Attribute>
<Attribute name="Nombre_proveedor" id="1E3F73DC-D4EA-CC9C-5149-EA0FABA0843E">
<createdBy>HP 2022</createdBy>
<createdTime>2023-06-09 05:19:49 UTC</createdTime>
<ownerDesignName>Base</ownerDesignName>
<engineerTo>
<item key="B635E19F-2177-D45C-85FB-5357BCF91494" value="true"/>
</engineerTo>
<useDomainConstraints>false</useDomainConstraints>
<use>1</use>
<logicalDatatype>LOGDT024</logicalDatatype>
<dataTypeSize>50</dataTypeSize>
<ownDataTypeParameters>50,,</ownDataTypeParameters>
</Attribute>
<Attribute name="Direccion_proveedor" id="1C235481-3023-418D-EB39-B171D3FB6CB0">
<createdBy>HP 2022</createdBy>
<createdTime>2023-06-09 05:20:05 UTC</createdTime>
<ownerDesignName>Base</ownerDesignName>
<engineerTo>
<item key="B635E19F-2177-D45C-85FB-5357BCF91494" value="true"/>
</engineerTo>
<useDomainConstraints>false</useDomainConstraints>
<use>1</use>
<logicalDatatype>LOGDT024</logicalDatatype>
<dataTypeSize>50</dataTypeSize>
<ownDataTypeParameters>50,,</ownDataTypeParameters>
</Attribute>
<Attribute name="Telefono_proveedor" id="A40BB8C3-7ED2-5A58-E7B1-64BF866BCF0C">
<createdBy>HP 2022</createdBy>
<createdTime>2023-06-09 05:20:23 UTC</createdTime>
<ownerDesignName>Base</ownerDesignName>
<engineerTo>
<item key="B635E19F-2177-D45C-85FB-5357BCF91494" value="true"/>
</engineerTo>
<useDomainConstraints>false</useDomainConstraints>
<use>1</use>
<logicalDatatype>LOGDT011</logicalDatatype>
<ownDataTypeParameters>,,</ownDataTypeParameters>
</Attribute>
<Attribute name="Correo_electronico_proveedor" id="A2D5F44E-C6EF-2E38-2DA3-2F6ED2A2401F">
<createdBy>HP 2022</createdBy>
<createdTime>2023-06-09 05:20:53 UTC</createdTime>
<ownerDesignName>Base</ownerDesignName>
<engineerTo>
<item key="B635E19F-2177-D45C-85FB-5357BCF91494" value="true"/>
</engineerTo>
<useDomainConstraints>false</useDomainConstraints>
<use>1</use>
<logicalDatatype>LOGDT024</logicalDatatype>
<dataTypeSize>50</dataTypeSize>
<ownDataTypeParameters>50,,</ownDataTypeParameters>
</Attribute>
</attributes>
</Entity>