<?xml version = '1.0' encoding = 'UTF-8'?>
<Entity class="oracle.dbtools.crest.model.design.logical.Entity" directorySegmentName="seg_0" id="276E1279-F8DA-C0FC-D25D-1C6242E52677" name="Horarios">
<createdBy>HP 2022</createdBy>
<createdTime>2023-06-03 21:21:14 UTC</createdTime>
<ownerDesignName>Base</ownerDesignName>
<engineerTo>
<item key="B635E19F-2177-D45C-85FB-5357BCF91494" value="true"/>
</engineerTo>
<adequatelyNormalized>NO</adequatelyNormalized>
<expectedVolumes>0</expectedVolumes>
<fwdEngineeringStrategyName>Single Table</fwdEngineeringStrategyName>
<growthPercent>0</growthPercent>
<growthType>Year</growthType>
<maxVolumes>9999999</maxVolumes>
<minVolumes>0</minVolumes>
<normalForm>Third</normalForm>
<attributes itemClass="oracle.dbtools.crest.model.design.logical.Attribute">
<Attribute name="ID_horario" id="3BB59FE9-76B7-CE78-6403-480237A724BE">
<createdBy>HP 2022</createdBy>
<createdTime>2023-06-08 17:16:08 UTC</createdTime>
<ownerDesignName>Base</ownerDesignName>
<engineerTo>
<item key="B635E19F-2177-D45C-85FB-5357BCF91494" value="true"/>
</engineerTo>
<useDomainConstraints>false</useDomainConstraints>
<use>1</use>
<logicalDatatype>LOGDT011</logicalDatatype>
<ownDataTypeParameters>,,</ownDataTypeParameters>
</Attribute>
<Attribute name="Dias_atencion_horario" id="34CFFFE3-728A-F609-4B54-A2F3A5A43A4E">
<createdBy>HP 2022</createdBy>
<createdTime>2023-06-08 17:17:52 UTC</createdTime>
<ownerDesignName>Base</ownerDesignName>
<engineerTo>
<item key="B635E19F-2177-D45C-85FB-5357BCF91494" value="true"/>
</engineerTo>
<useDomainConstraints>false</useDomainConstraints>
<use>1</use>
<logicalDatatype>LOGDT024</logicalDatatype>
<ownDataTypeParameters>,,</ownDataTypeParameters>
</Attribute>
<Attribute name="Hora_apertura_horario" id="042DEA44-18F3-3FB2-77BF-82ECAE4E5440">
<createdBy>HP 2022</createdBy>
<createdTime>2023-06-08 17:16:43 UTC</createdTime>
<ownerDesignName>Base</ownerDesignName>
<engineerTo>
<item key="B635E19F-2177-D45C-85FB-5357BCF91494" value="true"/>
</engineerTo>
<useDomainConstraints>false</useDomainConstraints>
<use>1</use>
<logicalDatatype>LOGDT014</logicalDatatype>
<ownDataTypeParameters>,,</ownDataTypeParameters>
</Attribute>
<Attribute name="Hora_cierre_horario" id="0030AEDB-C6C9-B7A4-0DA2-CC17C04C9DBB">
<createdBy>HP 2022</createdBy>
<createdTime>2023-06-08 17:17:20 UTC</createdTime>
<ownerDesignName>Base</ownerDesignName>
<engineerTo>
<item key="B635E19F-2177-D45C-85FB-5357BCF91494" value="true"/>
</engineerTo>
<useDomainConstraints>false</useDomainConstraints>
<use>1</use>
<logicalDatatype>LOGDT014</logicalDatatype>
<ownDataTypeParameters>,,</ownDataTypeParameters>
</Attribute>
</attributes>
<identifiers itemClass="oracle.dbtools.crest.model.design.logical.CandidateKey">
<identifier id="4802BC30-6BB7-83CD-2E77-2D413828C5EC" name="Horarios PK">
<createdBy>HP 2022</createdBy>
<createdTime>2023-06-08 17:16:17 UTC</createdTime>
<ownerDesignName>Base</ownerDesignName>
<shouldEngineer>false</shouldEngineer>
<engineerTo>
<item key="B635E19F-2177-D45C-85FB-5357BCF91494" value="false"/>
</engineerTo>
<pk>true</pk>
<usedAttributes>
<attributeRef>3BB59FE9-76B7-CE78-6403-480237A724BE</attributeRef>
</usedAttributes>
</identifier>
</identifiers>
</Entity>