<?xml version = '1.0' encoding = 'UTF-8'?>
<Entity class="oracle.dbtools.crest.model.design.logical.Entity" directorySegmentName="seg_0" id="39B49066-5E8E-0473-E4C6-F64E0D7A5E4E" name="Pedido">
<createdBy>HP 2022</createdBy>
<createdTime>2023-06-03 21:16:33 UTC</createdTime>
<ownerDesignName>Base</ownerDesignName>
<engineerTo>
<item key="B635E19F-2177-D45C-85FB-5357BCF91494" value="true"/>
</engineerTo>
<adequatelyNormalized>NO</adequatelyNormalized>
<expectedVolumes>0</expectedVolumes>
<fwdEngineeringStrategyName>Single Table</fwdEngineeringStrategyName>
<growthPercent>0</growthPercent>
<growthType>Year</growthType>
<maxVolumes>9999999</maxVolumes>
<minVolumes>0</minVolumes>
<normalForm>Third</normalForm>
<attributes itemClass="oracle.dbtools.crest.model.design.logical.Attribute">
<Attribute name="ID_Pedido" id="B5E7A24F-3D83-9B09-4217-FEB3BA6D6F6F">
<createdBy>HP 2022</createdBy>
<createdTime>2023-06-04 22:39:19 UTC</createdTime>
<ownerDesignName>Base</ownerDesignName>
<engineerTo>
<item key="B635E19F-2177-D45C-85FB-5357BCF91494" value="true"/>
</engineerTo>
<useDomainConstraints>false</useDomainConstraints>
<use>1</use>
<logicalDatatype>LOGDT011</logicalDatatype>
<ownDataTypeParameters>,,</ownDataTypeParameters>
</Attribute>
<Attribute name="ID_Sucursal" id="0646019E-8096-7E4F-E26C-98D339EAC374">
<createdBy>HP 2022</createdBy>
<createdTime>2023-06-04 22:39:34 UTC</createdTime>
<ownerDesignName>Base</ownerDesignName>
<engineerTo>
<item key="B635E19F-2177-D45C-85FB-5357BCF91494" value="true"/>
</engineerTo>
<useDomainConstraints>false</useDomainConstraints>
<use>1</use>
<logicalDatatype>LOGDT011</logicalDatatype>
<ownDataTypeParameters>,,</ownDataTypeParameters>
</Attribute>
<Attribute name="ID_mesa" id="EC232754-1A1B-DADA-CE0F-B5D228D73203">
<createdBy>HP 2022</createdBy>
<createdTime>2023-06-09 05:10:39 UTC</createdTime>
<ownerDesignName>Base</ownerDesignName>
<engineerTo>
<item key="B635E19F-2177-D45C-85FB-5357BCF91494" value="true"/>
</engineerTo>
<useDomainConstraints>false</useDomainConstraints>
<use>1</use>
<logicalDatatype>LOGDT011</logicalDatatype>
<ownDataTypeParameters>,,</ownDataTypeParameters>
</Attribute>
<Attribute name="Fecha_pedido" id="8A091BC5-DCE7-8110-FEBB-5B4468335671">
<createdBy>HP 2022</createdBy>
<createdTime>2023-06-09 05:10:04 UTC</createdTime>
<ownerDesignName>Base</ownerDesignName>
<engineerTo>
<item key="B635E19F-2177-D45C-85FB-5357BCF91494" value="true"/>
</engineerTo>
<useDomainConstraints>false</useDomainConstraints>
<use>1</use>
<logicalDatatype>LOGDT007</logicalDatatype>
<ownDataTypeParameters>,,</ownDataTypeParameters>
</Attribute>
<Attribute name="Hora_pedido" id="BBC7CDB3-7724-61D5-45F1-0D0B5B26FC3F">
<createdBy>HP 2022</createdBy>
<createdTime>2023-06-09 05:10:16 UTC</createdTime>
<ownerDesignName>Base</ownerDesignName>
<engineerTo>
<item key="B635E19F-2177-D45C-85FB-5357BCF91494" value="true"/>
</engineerTo>
<useDomainConstraints>false</useDomainConstraints>
<use>1</use>
<logicalDatatype>LOGDT014</logicalDatatype>
<ownDataTypeParameters>,,</ownDataTypeParameters>
</Attribute>
</attributes>
<identifiers itemClass="oracle.dbtools.crest.model.design.logical.CandidateKey">
<identifier id="1DBC5B4B-EB39-4F56-B2AC-3193B82C6D4C" name="Pedido PK">
<createdBy>HP 2022</createdBy>
<createdTime>2023-06-04 22:39:31 UTC</createdTime>
<ownerDesignName>Base</ownerDesignName>
<engineerTo>
<item key="B635E19F-2177-D45C-85FB-5357BCF91494" value="true"/>
</engineerTo>
<pk>true</pk>
<usedAttributes>
<attributeRef>B5E7A24F-3D83-9B09-4217-FEB3BA6D6F6F</attributeRef>
</usedAttributes>
</identifier>
</identifiers>
</Entity>