<?xml version = '1.0' encoding = 'UTF-8'?>
<Entity class="oracle.dbtools.crest.model.design.logical.Entity" directorySegmentName="seg_0" id="55AEF52E-5417-1516-9C70-7DDE2A967BEA" name="Deliveries">
<createdBy>HP 2022</createdBy>
<createdTime>2023-06-03 21:21:49 UTC</createdTime>
<ownerDesignName>Base</ownerDesignName>
<engineerTo>
<item key="B635E19F-2177-D45C-85FB-5357BCF91494" value="true"/>
</engineerTo>
<adequatelyNormalized>NO</adequatelyNormalized>
<expectedVolumes>0</expectedVolumes>
<fwdEngineeringStrategyName>Single Table</fwdEngineeringStrategyName>
<growthPercent>0</growthPercent>
<growthType>Year</growthType>
<maxVolumes>9999999</maxVolumes>
<minVolumes>0</minVolumes>
<normalForm>Third</normalForm>
<attributes itemClass="oracle.dbtools.crest.model.design.logical.Attribute">
<Attribute name="ID_delivery" id="DF5D1285-A179-A42F-D6BC-6AA0051BD9CA">
<createdBy>HP 2022</createdBy>
<createdTime>2023-06-07 11:52:49 UTC</createdTime>
<ownerDesignName>Base</ownerDesignName>
<engineerTo>
<item key="B635E19F-2177-D45C-85FB-5357BCF91494" value="true"/>
</engineerTo>
<useDomainConstraints>false</useDomainConstraints>
<use>1</use>
<logicalDatatype>LOGDT011</logicalDatatype>
<ownDataTypeParameters>,,</ownDataTypeParameters>
</Attribute>
<Attribute name="Nombre_delivery" id="2181EB44-AC3C-F14A-1CB4-9E307644238A">
<createdBy>HP 2022</createdBy>
<createdTime>2023-06-07 11:53:41 UTC</createdTime>
<ownerDesignName>Base</ownerDesignName>
<engineerTo>
<item key="B635E19F-2177-D45C-85FB-5357BCF91494" value="true"/>
</engineerTo>
<useDomainConstraints>false</useDomainConstraints>
<use>1</use>
<logicalDatatype>LOGDT011</logicalDatatype>
<ownDataTypeParameters>,,</ownDataTypeParameters>
</Attribute>
<Attribute name="fecha_delivery" id="AF8AC24D-1ECB-8586-994D-7565ECBCC362">
<createdBy>HP 2022</createdBy>
<createdTime>2023-06-07 11:54:18 UTC</createdTime>
<ownerDesignName>Base</ownerDesignName>
<engineerTo>
<item key="B635E19F-2177-D45C-85FB-5357BCF91494" value="true"/>
</engineerTo>
<useDomainConstraints>false</useDomainConstraints>
<use>1</use>
<logicalDatatype>LOGDT007</logicalDatatype>
<ownDataTypeParameters>,,</ownDataTypeParameters>
</Attribute>
<Attribute name="hora_delivery" id="22989F46-5769-1B8B-23B8-6DA37ABD4C67">
<createdBy>HP 2022</createdBy>
<createdTime>2023-06-08 17:06:55 UTC</createdTime>
<ownerDesignName>Base</ownerDesignName>
<engineerTo>
<item key="B635E19F-2177-D45C-85FB-5357BCF91494" value="true"/>
</engineerTo>
<useDomainConstraints>false</useDomainConstraints>
<use>1</use>
<logicalDatatype>LOGDT014</logicalDatatype>
<ownDataTypeParameters>,,</ownDataTypeParameters>
</Attribute>
<Attribute name="direccion_delivery" id="FAA73B7B-3485-14CE-6CDF-5E56B05B1C4F">
<createdBy>HP 2022</createdBy>
<createdTime>2023-06-08 17:07:35 UTC</createdTime>
<ownerDesignName>Base</ownerDesignName>
<engineerTo>
<item key="B635E19F-2177-D45C-85FB-5357BCF91494" value="true"/>
</engineerTo>
<useDomainConstraints>false</useDomainConstraints>
<use>1</use>
<logicalDatatype>LOGDT024</logicalDatatype>
<dataTypeSize>50</dataTypeSize>
<ownDataTypeParameters>50,,</ownDataTypeParameters>
</Attribute>
</attributes>
<identifiers itemClass="oracle.dbtools.crest.model.design.logical.CandidateKey">
<identifier id="23435A28-F509-840E-CEEA-25311E468E07" name="Delivery_online PK">
<createdBy>HP 2022</createdBy>
<createdTime>2023-06-07 11:54:00 UTC</createdTime>
<ownerDesignName>Base</ownerDesignName>
<shouldEngineer>false</shouldEngineer>
<engineerTo>
<item key="B635E19F-2177-D45C-85FB-5357BCF91494" value="false"/>
</engineerTo>
<pk>true</pk>
<usedAttributes>
<attributeRef>DF5D1285-A179-A42F-D6BC-6AA0051BD9CA</attributeRef>
</usedAttributes>
</identifier>
</identifiers>
</Entity>