<?xml version = '1.0' encoding = 'UTF-8'?>
<Entity class="oracle.dbtools.crest.model.design.logical.Entity" directorySegmentName="seg_0" id="72927B8F-51C4-1053-9E88-E0B9FDE3E86A" name="Eventos">
<createdBy>HP 2022</createdBy>
<createdTime>2023-06-03 21:21:18 UTC</createdTime>
<ownerDesignName>Base</ownerDesignName>
<engineerTo>
<item key="B635E19F-2177-D45C-85FB-5357BCF91494" value="true"/>
</engineerTo>
<adequatelyNormalized>NO</adequatelyNormalized>
<expectedVolumes>0</expectedVolumes>
<fwdEngineeringStrategyName>Single Table</fwdEngineeringStrategyName>
<growthPercent>0</growthPercent>
<growthType>Year</growthType>
<maxVolumes>9999999</maxVolumes>
<minVolumes>0</minVolumes>
<normalForm>Third</normalForm>
<attributes itemClass="oracle.dbtools.crest.model.design.logical.Attribute">
<Attribute name="ID_evento" id="0FEE6113-AB9A-EDA8-7E7B-CCF45CC98F04">
<createdBy>HP 2022</createdBy>
<createdTime>2023-06-09 05:32:36 UTC</createdTime>
<ownerDesignName>Base</ownerDesignName>
<engineerTo>
<item key="B635E19F-2177-D45C-85FB-5357BCF91494" value="true"/>
</engineerTo>
<useDomainConstraints>false</useDomainConstraints>
<use>1</use>
<logicalDatatype>LOGDT011</logicalDatatype>
<ownDataTypeParameters>,,</ownDataTypeParameters>
</Attribute>
<Attribute name="ID_sucursal" id="175CAA27-662C-6703-EFC2-7F6383445911">
<createdBy>HP 2022</createdBy>
<createdTime>2023-06-09 05:33:25 UTC</createdTime>
<ownerDesignName>Base</ownerDesignName>
<engineerTo>
<item key="B635E19F-2177-D45C-85FB-5357BCF91494" value="true"/>
</engineerTo>
<useDomainConstraints>false</useDomainConstraints>
<use>1</use>
<logicalDatatype>LOGDT011</logicalDatatype>
<ownDataTypeParameters>,,</ownDataTypeParameters>
</Attribute>
<Attribute name="Nombre_evento" id="931F5E6E-C988-F72D-58BA-3C982149AC77">
<createdBy>HP 2022</createdBy>
<createdTime>2023-06-09 05:32:35 UTC</createdTime>
<ownerDesignName>Base</ownerDesignName>
<engineerTo>
<item key="B635E19F-2177-D45C-85FB-5357BCF91494" value="true"/>
</engineerTo>
<useDomainConstraints>false</useDomainConstraints>
<use>1</use>
<logicalDatatype>LOGDT024</logicalDatatype>
<dataTypeSize>50</dataTypeSize>
<ownDataTypeParameters>50,,</ownDataTypeParameters>
</Attribute>
<Attribute name="Descripcion_evento" id="1378DEAF-DC8D-D6E8-66F5-DC7ACD7177F5">
<createdBy>HP 2022</createdBy>
<createdTime>2023-06-09 05:32:35 UTC</createdTime>
<ownerDesignName>Base</ownerDesignName>
<engineerTo>
<item key="B635E19F-2177-D45C-85FB-5357BCF91494" value="true"/>
</engineerTo>
<useDomainConstraints>false</useDomainConstraints>
<use>1</use>
<logicalDatatype>LOGDT024</logicalDatatype>
<dataTypeSize>100</dataTypeSize>
<ownDataTypeParameters>100,,</ownDataTypeParameters>
</Attribute>
<Attribute name="Fecha_inicio_evento" id="23F1190C-E9A0-0E48-605D-822C1BD25517">
<createdBy>HP 2022</createdBy>
<createdTime>2023-06-09 05:32:35 UTC</createdTime>
<ownerDesignName>Base</ownerDesignName>
<engineerTo>
<item key="B635E19F-2177-D45C-85FB-5357BCF91494" value="true"/>
</engineerTo>
<useDomainConstraints>false</useDomainConstraints>
<use>1</use>
<logicalDatatype>LOGDT007</logicalDatatype>
<ownDataTypeParameters>,,</ownDataTypeParameters>
</Attribute>
<Attribute name="Fecha_final_evento" id="4FD2A25A-76AA-9278-8592-26605D7BF659">
<createdBy>HP 2022</createdBy>
<createdTime>2023-06-09 05:32:35 UTC</createdTime>
<ownerDesignName>Base</ownerDesignName>
<engineerTo>
<item key="B635E19F-2177-D45C-85FB-5357BCF91494" value="true"/>
</engineerTo>
<useDomainConstraints>false</useDomainConstraints>
<use>1</use>
<logicalDatatype>LOGDT007</logicalDatatype>
<ownDataTypeParameters>,,</ownDataTypeParameters>
</Attribute>
</attributes>
<identifiers itemClass="oracle.dbtools.crest.model.design.logical.CandidateKey">
<identifier id="9C96A0EC-0167-AF33-443A-E14F8EC638FE" name="Eventos PK">
<createdBy>HP 2022</createdBy>
<createdTime>2023-06-09 05:32:46 UTC</createdTime>
<ownerDesignName>Base</ownerDesignName>
<engineerTo>
<item key="B635E19F-2177-D45C-85FB-5357BCF91494" value="true"/>
</engineerTo>
<pk>true</pk>
<usedAttributes>
<attributeRef>0FEE6113-AB9A-EDA8-7E7B-CCF45CC98F04</attributeRef>
</usedAttributes>
</identifier>
</identifiers>
</Entity>