<?xml version = '1.0' encoding = 'UTF-8'?>
<Entity class="oracle.dbtools.crest.model.design.logical.Entity" directorySegmentName="seg_0" id="7328E2BA-A98A-DCA9-87B3-7163135E0BF7" name="Personal administrativo">
<createdBy>HP 2022</createdBy>
<createdTime>2023-06-03 21:17:13 UTC</createdTime>
<ownerDesignName>Base</ownerDesignName>
<engineerTo>
<item key="B635E19F-2177-D45C-85FB-5357BCF91494" value="true"/>
</engineerTo>
<adequatelyNormalized>NO</adequatelyNormalized>
<expectedVolumes>0</expectedVolumes>
<fwdEngineeringStrategyName>Single Table</fwdEngineeringStrategyName>
<growthPercent>0</growthPercent>
<growthType>Year</growthType>
<hierarchicalParent>89BA9115-59C3-35C5-DA39-4DF1FF217ED7</hierarchicalParent>
<maxVolumes>9999999</maxVolumes>
<minVolumes>0</minVolumes>
<normalForm>Third</normalForm>
<attributes itemClass="oracle.dbtools.crest.model.design.logical.Attribute">
<Attribute name="ID_Personal_Administrativo" id="6CD71383-3F2B-9CA7-01D2-AA9905B65689">
<createdBy>HP 2022</createdBy>
<createdTime>2023-06-04 22:08:36 UTC</createdTime>
<ownerDesignName>Base</ownerDesignName>
<engineerTo>
<item key="B635E19F-2177-D45C-85FB-5357BCF91494" value="true"/>
</engineerTo>
<useDomainConstraints>false</useDomainConstraints>
<use>1</use>
<logicalDatatype>LOGDT011</logicalDatatype>
<ownDataTypeParameters>,,</ownDataTypeParameters>
</Attribute>
</attributes>
<identifiers itemClass="oracle.dbtools.crest.model.design.logical.CandidateKey">
<identifier id="5DD5B964-2F2C-DA53-CACD-90AC2320235D" name="Personal administrativo PK">
<createdBy>HP 2022</createdBy>
<createdTime>2023-06-04 22:08:59 UTC</createdTime>
<ownerDesignName>Base</ownerDesignName>
<engineerTo>
<item key="B635E19F-2177-D45C-85FB-5357BCF91494" value="true"/>
</engineerTo>
<pk>true</pk>
<usedAttributes>
<attributeRef>6CD71383-3F2B-9CA7-01D2-AA9905B65689</attributeRef>
</usedAttributes>
</identifier>
</identifiers>
</Entity>