<?xml version = '1.0' encoding = 'UTF-8'?>
<Entity class="oracle.dbtools.crest.model.design.logical.Entity" directorySegmentName="seg_0" id="7A1710AB-724E-9AB8-BC5E-BA200648B9E6" name="Platos_ingredientes">
<createdBy>HP 2022</createdBy>
<createdTime>2023-06-03 21:18:34 UTC</createdTime>
<ownerDesignName>Base</ownerDesignName>
<engineerTo>
<item key="B635E19F-2177-D45C-85FB-5357BCF91494" value="true"/>
</engineerTo>
<adequatelyNormalized>NO</adequatelyNormalized>
<expectedVolumes>0</expectedVolumes>
<fwdEngineeringStrategyName>Single Table</fwdEngineeringStrategyName>
<growthPercent>0</growthPercent>
<growthType>Year</growthType>
<maxVolumes>9999999</maxVolumes>
<minVolumes>0</minVolumes>
<normalForm>Third</normalForm>
<attributes itemClass="oracle.dbtools.crest.model.design.logical.Attribute">
<Attribute name="ID_Ingrediente" id="5CC160FC-AFDC-E2A5-EF8F-6567E4B0A836">
<createdBy>HP 2022</createdBy>
<createdTime>2023-06-04 22:32:04 UTC</createdTime>
<ownerDesignName>Base</ownerDesignName>
<engineerTo>
<item key="B635E19F-2177-D45C-85FB-5357BCF91494" value="true"/>
</engineerTo>
<useDomainConstraints>false</useDomainConstraints>
<use>1</use>
<logicalDatatype>LOGDT011</logicalDatatype>
<ownDataTypeParameters>,,</ownDataTypeParameters>
</Attribute>
<Attribute name="Nombre_ingrediente" id="CE1A38C4-B433-D808-7D31-277B6AA566EA">
<createdBy>HP 2022</createdBy>
<createdTime>2023-06-13 02:51:24 UTC</createdTime>
<ownerDesignName>Base</ownerDesignName>
<engineerTo>
<item key="B635E19F-2177-D45C-85FB-5357BCF91494" value="true"/>
</engineerTo>
<useDomainConstraints>false</useDomainConstraints>
<use>1</use>
<logicalDatatype>LOGDT024</logicalDatatype>
<dataTypeSize>50</dataTypeSize>
<ownDataTypeParameters>50,,</ownDataTypeParameters>
</Attribute>
</attributes>
<identifiers itemClass="oracle.dbtools.crest.model.design.logical.CandidateKey">
<identifier id="6BEC92EF-836B-545A-DC08-B3A3CC916F2B" name="Platos_ingredientes PK">
<createdBy>HP 2022</createdBy>
<createdTime>2023-06-04 22:32:00 UTC</createdTime>
<ownerDesignName>Base</ownerDesignName>
<shouldEngineer>false</shouldEngineer>
<engineerTo>
<item key="B635E19F-2177-D45C-85FB-5357BCF91494" value="false"/>
</engineerTo>
<pk>true</pk>
</identifier>
</identifiers>
</Entity>