<?xml version = '1.0' encoding = 'UTF-8'?>
<Entity class="oracle.dbtools.crest.model.design.logical.Entity" directorySegmentName="seg_0" id="89BA9115-59C3-35C5-DA39-4DF1FF217ED7" name="Empleados">
<createdBy>HP 2022</createdBy>
<createdTime>2023-06-03 21:16:16 UTC</createdTime>
<ownerDesignName>Base</ownerDesignName>
<engineerTo>
<item key="B635E19F-2177-D45C-85FB-5357BCF91494" value="true"/>
</engineerTo>
<adequatelyNormalized>NO</adequatelyNormalized>
<expectedVolumes>0</expectedVolumes>
<fwdEngineeringStrategyName>Single Table</fwdEngineeringStrategyName>
<growthPercent>0</growthPercent>
<growthType>Year</growthType>
<maxVolumes>9999999</maxVolumes>
<minVolumes>0</minVolumes>
<normalForm>Third</normalForm>
<attributes itemClass="oracle.dbtools.crest.model.design.logical.Attribute">
<Attribute name="ID_Empleado" id="7FE1CDD4-C196-E2E3-2962-EA8AFC7FDA0B">
<createdBy>HP 2022</createdBy>
<createdTime>2023-06-04 21:59:56 UTC</createdTime>
<ownerDesignName>Base</ownerDesignName>
<engineerTo>
<item key="B635E19F-2177-D45C-85FB-5357BCF91494" value="true"/>
</engineerTo>
<useDomainConstraints>false</useDomainConstraints>
<use>1</use>
<logicalDatatype>LOGDT011</logicalDatatype>
<ownDataTypeParameters>,,</ownDataTypeParameters>
</Attribute>
<Attribute name="Sueldo" id="0EE09624-737C-BAAA-DDFF-A722D1535EEF">
<createdBy>HP 2022</createdBy>
<createdTime>2023-06-04 22:01:25 UTC</createdTime>
<ownerDesignName>Base</ownerDesignName>
<engineerTo>
<item key="B635E19F-2177-D45C-85FB-5357BCF91494" value="true"/>
</engineerTo>
<useDomainConstraints>false</useDomainConstraints>
<use>1</use>
<logicalDatatype>LOGDT011</logicalDatatype>
<ownDataTypeParameters>,,</ownDataTypeParameters>
</Attribute>
<Attribute name="Fecha_Contratacion" id="33734A6B-5602-7EC5-194F-197ACD451127">
<createdBy>HP 2022</createdBy>
<createdTime>2023-06-04 22:01:40 UTC</createdTime>
<ownerDesignName>Base</ownerDesignName>
<engineerTo>
<item key="B635E19F-2177-D45C-85FB-5357BCF91494" value="true"/>
</engineerTo>
<useDomainConstraints>false</useDomainConstraints>
<use>1</use>
<logicalDatatype>LOGDT007</logicalDatatype>
<ownDataTypeParameters>,,</ownDataTypeParameters>
</Attribute>
<Attribute name="Telefono_empleado" id="5E1F185F-0A54-077C-0560-407359BB26E6">
<createdBy>HP 2022</createdBy>
<createdTime>2023-06-09 05:18:35 UTC</createdTime>
<ownerDesignName>Base</ownerDesignName>
<engineerTo>
<item key="B635E19F-2177-D45C-85FB-5357BCF91494" value="true"/>
</engineerTo>
<useDomainConstraints>false</useDomainConstraints>
<use>1</use>
<logicalDatatype>LOGDT011</logicalDatatype>
<ownDataTypeParameters>,,</ownDataTypeParameters>
</Attribute>
<Attribute name="Email_empleado" id="0905FDF1-B9DA-4CA8-786A-46D5398A0DF9">
<createdBy>HP 2022</createdBy>
<createdTime>2023-06-04 22:03:01 UTC</createdTime>
<ownerDesignName>Base</ownerDesignName>
<engineerTo>
<item key="B635E19F-2177-D45C-85FB-5357BCF91494" value="true"/>
</engineerTo>
<useDomainConstraints>false</useDomainConstraints>
<use>1</use>
<logicalDatatype>LOGDT024</logicalDatatype>
<dataTypeSize>50</dataTypeSize>
<ownDataTypeParameters>50,,</ownDataTypeParameters>
</Attribute>
<Attribute name="Direccion_empleado" id="BC80E560-C3DB-E698-B3A6-18AB9550551F">
<createdBy>HP 2022</createdBy>
<createdTime>2023-06-04 22:04:08 UTC</createdTime>
<ownerDesignName>Base</ownerDesignName>
<engineerTo>
<item key="B635E19F-2177-D45C-85FB-5357BCF91494" value="true"/>
</engineerTo>
<useDomainConstraints>false</useDomainConstraints>
<use>1</use>
<logicalDatatype>LOGDT024</logicalDatatype>
<dataTypeSize>50</dataTypeSize>
<ownDataTypeParameters>50,,</ownDataTypeParameters>
</Attribute>
<Attribute name="ID_trabajo1" id="B5651E66-B4CE-E6A6-A823-854963E214DA">
<createdBy>HP 2022</createdBy>
<createdTime>2023-06-13 02:37:16 UTC</createdTime>
<generatorID>DA8F0B7E-498A-2F06-7CA2-BBAFFFED1CA6</generatorID>
<ownerDesignName>Base</ownerDesignName>
<engineerTo>
<item key="B635E19F-2177-D45C-85FB-5357BCF91494" value="true"/>
</engineerTo>
<referedAttribute>D326634A-A108-F10C-2DE9-5D3F6D3BAB9F</referedAttribute>
<useDomainConstraints>false</useDomainConstraints>
<use>1</use>
<logicalDatatype>LOGDT011</logicalDatatype>
<ownDataTypeParameters>,,</ownDataTypeParameters>
</Attribute>
<Attribute name="ID_Sucursal" id="17E264FD-58D7-B18C-6DA3-FC6977080AD1">
<createdBy>HP 2022</createdBy>
<createdTime>2023-06-13 02:37:57 UTC</createdTime>
<generatorID>E7C03414-3376-B34E-5EE9-F4C1AAD6CC8E</generatorID>
<ownerDesignName>Base</ownerDesignName>
<engineerTo>
<item key="B635E19F-2177-D45C-85FB-5357BCF91494" value="true"/>
</engineerTo>
<referedAttribute>D887CBFB-C7CA-F6EB-5610-202F9C330F59</referedAttribute>
<useDomainConstraints>false</useDomainConstraints>
<use>1</use>
<logicalDatatype>LOGDT011</logicalDatatype>
<ownDataTypeParameters>,,</ownDataTypeParameters>
</Attribute>
</attributes>
<identifiers itemClass="oracle.dbtools.crest.model.design.logical.CandidateKey">
<identifier id="5E6F8A56-C141-8EB3-8491-7590613139A8" name="Empleado PK">
<createdBy>HP 2022</createdBy>
<createdTime>2023-06-04 22:00:37 UTC</createdTime>
<ownerDesignName>Base</ownerDesignName>
<shouldEngineer>false</shouldEngineer>
<engineerTo>
<item key="B635E19F-2177-D45C-85FB-5357BCF91494" value="false"/>
</engineerTo>
<pk>true</pk>
<usedAttributes>
<attributeRef>7FE1CDD4-C196-E2E3-2962-EA8AFC7FDA0B</attributeRef>
</usedAttributes>
</identifier>
</identifiers>
</Entity>