<?xml version = '1.0' encoding = 'UTF-8'?>
<Entity class="oracle.dbtools.crest.model.design.logical.Entity" directorySegmentName="seg_0" id="9B3FB0FF-5F09-5830-D864-06B8F0AA8D01" name="Trabajos">
<createdBy>HP 2022</createdBy>
<createdTime>2023-06-08 17:27:10 UTC</createdTime>
<ownerDesignName>Base</ownerDesignName>
<engineerTo>
<item key="B635E19F-2177-D45C-85FB-5357BCF91494" value="true"/>
</engineerTo>
<adequatelyNormalized>NO</adequatelyNormalized>
<expectedVolumes>0</expectedVolumes>
<fwdEngineeringStrategyName>Single Table</fwdEngineeringStrategyName>
<growthPercent>0</growthPercent>
<growthType>Year</growthType>
<maxVolumes>9999999</maxVolumes>
<minVolumes>0</minVolumes>
<normalForm>Third</normalForm>
<attributes itemClass="oracle.dbtools.crest.model.design.logical.Attribute">
<Attribute name="ID_trabajo" id="D326634A-A108-F10C-2DE9-5D3F6D3BAB9F">
<createdBy>HP 2022</createdBy>
<createdTime>2023-06-08 17:27:17 UTC</createdTime>
<ownerDesignName>Base</ownerDesignName>
<engineerTo>
<item key="B635E19F-2177-D45C-85FB-5357BCF91494" value="true"/>
</engineerTo>
<useDomainConstraints>false</useDomainConstraints>
<use>1</use>
<logicalDatatype>LOGDT011</logicalDatatype>
<ownDataTypeParameters>,,</ownDataTypeParameters>
</Attribute>
<Attribute name="Nombre_trabajo" id="CD8B24CF-5C4E-B13E-A5F9-5A5C32EF3648">
<createdBy>HP 2022</createdBy>
<createdTime>2023-06-08 17:27:34 UTC</createdTime>
<ownerDesignName>Base</ownerDesignName>
<engineerTo>
<item key="B635E19F-2177-D45C-85FB-5357BCF91494" value="true"/>
</engineerTo>
<useDomainConstraints>false</useDomainConstraints>
<use>1</use>
<logicalDatatype>LOGDT024</logicalDatatype>
<dataTypeSize>50</dataTypeSize>
<ownDataTypeParameters>50,,</ownDataTypeParameters>
</Attribute>
<Attribute name="Salario_minimo_trabajo" id="7665FAEA-6E63-A19B-853A-BD74162F6898">
<createdBy>HP 2022</createdBy>
<createdTime>2023-06-08 17:28:36 UTC</createdTime>
<ownerDesignName>Base</ownerDesignName>
<engineerTo>
<item key="B635E19F-2177-D45C-85FB-5357BCF91494" value="true"/>
</engineerTo>
<useDomainConstraints>false</useDomainConstraints>
<use>1</use>
<logicalDatatype>LOGDT011</logicalDatatype>
<ownDataTypeParameters>,,</ownDataTypeParameters>
</Attribute>
<Attribute name="Salario_maximo_trabajo" id="E93CE60D-101F-177D-15F9-81B4B30D4328">
<createdBy>HP 2022</createdBy>
<createdTime>2023-06-08 17:29:00 UTC</createdTime>
<ownerDesignName>Base</ownerDesignName>
<engineerTo>
<item key="B635E19F-2177-D45C-85FB-5357BCF91494" value="true"/>
</engineerTo>
<useDomainConstraints>false</useDomainConstraints>
<use>1</use>
<logicalDatatype>LOGDT011</logicalDatatype>
<ownDataTypeParameters>,,</ownDataTypeParameters>
</Attribute>
<Attribute name="ID_Empleado" id="0F1B75E5-4545-5D6B-E6CA-9FAA39FA9732">
<createdBy>HP 2022</createdBy>
<createdTime>2023-06-13 02:36:57 UTC</createdTime>
<generatorID>DA8F0B7E-498A-2F06-7CA2-BBAFFFED1CA6</generatorID>
<ownerDesignName>Base</ownerDesignName>
<engineerTo>
<item key="B635E19F-2177-D45C-85FB-5357BCF91494" value="true"/>
</engineerTo>
<referedAttribute>7FE1CDD4-C196-E2E3-2962-EA8AFC7FDA0B</referedAttribute>
<useDomainConstraints>false</useDomainConstraints>
<use>1</use>
<logicalDatatype>LOGDT011</logicalDatatype>
<ownDataTypeParameters>,,</ownDataTypeParameters>
</Attribute>
</attributes>
<identifiers itemClass="oracle.dbtools.crest.model.design.logical.CandidateKey">
<identifier id="A203F735-79E0-1C93-6577-AADFB2A78B64" name="Trabajos PK">
<createdBy>HP 2022</createdBy>
<createdTime>2023-06-08 17:27:33 UTC</createdTime>
<ownerDesignName>Base</ownerDesignName>
<engineerTo>
<item key="B635E19F-2177-D45C-85FB-5357BCF91494" value="true"/>
</engineerTo>
<pk>true</pk>
<usedAttributes>
<attributeRef>D326634A-A108-F10C-2DE9-5D3F6D3BAB9F</attributeRef>
</usedAttributes>
</identifier>
</identifiers>
</Entity>