<?xml version = '1.0' encoding = 'UTF-8'?>
<Entity class="oracle.dbtools.crest.model.design.logical.Entity" directorySegmentName="seg_0" id="B2C5D6AA-44EE-A780-CCDA-793B8A47B7DA" name="Sucursales">
<createdBy>HP 2022</createdBy>
<createdTime>2023-06-03 21:17:20 UTC</createdTime>
<ownerDesignName>Base</ownerDesignName>
<engineerTo>
<item key="B635E19F-2177-D45C-85FB-5357BCF91494" value="true"/>
</engineerTo>
<adequatelyNormalized>NO</adequatelyNormalized>
<expectedVolumes>0</expectedVolumes>
<fwdEngineeringStrategyName>Single Table</fwdEngineeringStrategyName>
<growthPercent>0</growthPercent>
<growthType>Year</growthType>
<maxVolumes>9999999</maxVolumes>
<minVolumes>0</minVolumes>
<normalForm>Third</normalForm>
<attributes itemClass="oracle.dbtools.crest.model.design.logical.Attribute">
<Attribute name="ID_Sucursal" id="D887CBFB-C7CA-F6EB-5610-202F9C330F59">
<createdBy>HP 2022</createdBy>
<createdTime>2023-06-04 22:18:19 UTC</createdTime>
<ownerDesignName>Base</ownerDesignName>
<engineerTo>
<item key="B635E19F-2177-D45C-85FB-5357BCF91494" value="true"/>
</engineerTo>
<useDomainConstraints>false</useDomainConstraints>
<use>1</use>
<logicalDatatype>LOGDT011</logicalDatatype>
<ownDataTypeParameters>,,</ownDataTypeParameters>
</Attribute>
<Attribute name="Nombre_Sucursal" id="6D834CA4-62FC-EC1C-52FA-8C43884807D0">
<createdBy>HP 2022</createdBy>
<createdTime>2023-06-04 22:18:41 UTC</createdTime>
<ownerDesignName>Base</ownerDesignName>
<engineerTo>
<item key="B635E19F-2177-D45C-85FB-5357BCF91494" value="true"/>
</engineerTo>
<useDomainConstraints>false</useDomainConstraints>
<use>1</use>
<logicalDatatype>LOGDT024</logicalDatatype>
<dataTypeSize>20</dataTypeSize>
<ownDataTypeParameters>20,,</ownDataTypeParameters>
</Attribute>
<Attribute name="Direccion_Sucursal" id="368A4D87-515E-29D8-C455-1F21B6203F26">
<createdBy>HP 2022</createdBy>
<createdTime>2023-06-04 22:19:01 UTC</createdTime>
<ownerDesignName>Base</ownerDesignName>
<engineerTo>
<item key="B635E19F-2177-D45C-85FB-5357BCF91494" value="true"/>
</engineerTo>
<useDomainConstraints>false</useDomainConstraints>
<use>1</use>
<logicalDatatype>LOGDT024</logicalDatatype>
<dataTypeSize>50</dataTypeSize>
<ownDataTypeParameters>50,,</ownDataTypeParameters>
</Attribute>
<Attribute name="Telefono_Sucursal" id="771D9E7B-8C0D-1606-2E00-2AB7C0637FFB">
<createdBy>HP 2022</createdBy>
<createdTime>2023-06-04 22:19:28 UTC</createdTime>
<ownerDesignName>Base</ownerDesignName>
<engineerTo>
<item key="B635E19F-2177-D45C-85FB-5357BCF91494" value="true"/>
</engineerTo>
<useDomainConstraints>false</useDomainConstraints>
<use>1</use>
<logicalDatatype>LOGDT024</logicalDatatype>
<dataTypeSize>8</dataTypeSize>
<ownDataTypeParameters>8,,</ownDataTypeParameters>
</Attribute>
</attributes>
<identifiers itemClass="oracle.dbtools.crest.model.design.logical.CandidateKey">
<identifier id="82C2013F-874E-416A-72AB-07C1C2855E23" name="Sucursal PK">
<createdBy>HP 2022</createdBy>
<createdTime>2023-06-04 22:18:40 UTC</createdTime>
<ownerDesignName>Base</ownerDesignName>
<engineerTo>
<item key="B635E19F-2177-D45C-85FB-5357BCF91494" value="true"/>
</engineerTo>
<pk>true</pk>
<usedAttributes>
<attributeRef>D887CBFB-C7CA-F6EB-5610-202F9C330F59</attributeRef>
</usedAttributes>
</identifier>
</identifiers>
</Entity>