<?xml version = '1.0' encoding = 'UTF-8'?>
<Entity class="oracle.dbtools.crest.model.design.logical.Entity" directorySegmentName="seg_0" id="E1CEE5DB-95C2-8BD3-FAFF-2520C8BAF9ED" name="Plato">
<createdBy>HP 2022</createdBy>
<createdTime>2023-06-03 21:16:37 UTC</createdTime>
<ownerDesignName>Base</ownerDesignName>
<engineerTo>
<item key="B635E19F-2177-D45C-85FB-5357BCF91494" value="true"/>
</engineerTo>
<adequatelyNormalized>NO</adequatelyNormalized>
<expectedVolumes>0</expectedVolumes>
<fwdEngineeringStrategyName>Single Table</fwdEngineeringStrategyName>
<growthPercent>0</growthPercent>
<growthType>Year</growthType>
<maxVolumes>9999999</maxVolumes>
<minVolumes>0</minVolumes>
<normalForm>Third</normalForm>
<attributes itemClass="oracle.dbtools.crest.model.design.logical.Attribute">
<Attribute name="ID_Plato" id="30945D8D-32A6-6262-33FC-2661C7ADE70C">
<createdBy>HP 2022</createdBy>
<createdTime>2023-06-04 22:26:09 UTC</createdTime>
<ownerDesignName>Base</ownerDesignName>
<engineerTo>
<item key="B635E19F-2177-D45C-85FB-5357BCF91494" value="true"/>
</engineerTo>
<useDomainConstraints>false</useDomainConstraints>
<use>1</use>
<logicalDatatype>LOGDT011</logicalDatatype>
<ownDataTypeParameters>,,</ownDataTypeParameters>
</Attribute>
<Attribute name="ID_Menu" id="727B25AC-38D5-5C98-078B-4D7C348BAEFF">
<createdBy>HP 2022</createdBy>
<createdTime>2023-06-04 22:26:26 UTC</createdTime>
<ownerDesignName>Base</ownerDesignName>
<engineerTo>
<item key="B635E19F-2177-D45C-85FB-5357BCF91494" value="true"/>
</engineerTo>
<useDomainConstraints>false</useDomainConstraints>
<use>1</use>
<logicalDatatype>LOGDT011</logicalDatatype>
<ownDataTypeParameters>,,</ownDataTypeParameters>
</Attribute>
<Attribute name="Nombre_Plato" id="CB15693F-A876-C4EE-8702-39633798E9AC">
<createdBy>HP 2022</createdBy>
<createdTime>2023-06-04 22:27:17 UTC</createdTime>
<ownerDesignName>Base</ownerDesignName>
<engineerTo>
<item key="B635E19F-2177-D45C-85FB-5357BCF91494" value="true"/>
</engineerTo>
<useDomainConstraints>false</useDomainConstraints>
<use>1</use>
<logicalDatatype>LOGDT024</logicalDatatype>
<dataTypeSize>50</dataTypeSize>
<ownDataTypeParameters>50,,</ownDataTypeParameters>
</Attribute>
<Attribute name="Descripcion_Plato" id="7BDF439A-8156-5C53-7582-35F3ED7694DC">
<createdBy>HP 2022</createdBy>
<createdTime>2023-06-04 22:27:37 UTC</createdTime>
<ownerDesignName>Base</ownerDesignName>
<engineerTo>
<item key="B635E19F-2177-D45C-85FB-5357BCF91494" value="true"/>
</engineerTo>
<useDomainConstraints>false</useDomainConstraints>
<use>1</use>
<logicalDatatype>LOGDT024</logicalDatatype>
<dataTypeSize>50</dataTypeSize>
<ownDataTypeParameters>50,,</ownDataTypeParameters>
</Attribute>
<Attribute name="Precio_Plato" id="27B0CC97-85C7-934A-120F-04024CE88FDD">
<createdBy>HP 2022</createdBy>
<createdTime>2023-06-04 22:27:55 UTC</createdTime>
<ownerDesignName>Base</ownerDesignName>
<engineerTo>
<item key="B635E19F-2177-D45C-85FB-5357BCF91494" value="true"/>
</engineerTo>
<useDomainConstraints>false</useDomainConstraints>
<use>1</use>
<logicalDatatype>LOGDT011</logicalDatatype>
<ownDataTypeParameters>,,</ownDataTypeParameters>
</Attribute>
</attributes>
<identifiers itemClass="oracle.dbtools.crest.model.design.logical.CandidateKey">
<identifier id="CFA560D1-D172-B14C-7883-B7129564224C" name="Plato PK">
<createdBy>HP 2022</createdBy>
<createdTime>2023-06-04 22:26:22 UTC</createdTime>
<ownerDesignName>Base</ownerDesignName>
<shouldEngineer>false</shouldEngineer>
<engineerTo>
<item key="B635E19F-2177-D45C-85FB-5357BCF91494" value="false"/>
</engineerTo>
<pk>true</pk>
<usedAttributes>
<attributeRef>30945D8D-32A6-6262-33FC-2661C7ADE70C</attributeRef>
</usedAttributes>
</identifier>
</identifiers>
</Entity>