<?xml version = '1.0' encoding = 'UTF-8'?>
<Entity class="oracle.dbtools.crest.model.design.logical.Entity" directorySegmentName="seg_0" id="E5485326-4BFF-1E2F-DAFE-14C39737E984" name="Personal_cocina">
<createdBy>HP 2022</createdBy>
<createdTime>2023-06-03 21:16:49 UTC</createdTime>
<ownerDesignName>Base</ownerDesignName>
<engineerTo>
<item key="B635E19F-2177-D45C-85FB-5357BCF91494" value="true"/>
</engineerTo>
<adequatelyNormalized>NO</adequatelyNormalized>
<expectedVolumes>0</expectedVolumes>
<fwdEngineeringStrategyName>Single Table</fwdEngineeringStrategyName>
<growthPercent>0</growthPercent>
<growthType>Year</growthType>
<hierarchicalParent>89BA9115-59C3-35C5-DA39-4DF1FF217ED7</hierarchicalParent>
<maxVolumes>9999999</maxVolumes>
<minVolumes>0</minVolumes>
<normalForm>Third</normalForm>
<attributes itemClass="oracle.dbtools.crest.model.design.logical.Attribute">
<Attribute name="ID_Personal_de_cocina" id="42E55A4A-3319-DECA-5E58-17EBD684B4F7">
<createdBy>HP 2022</createdBy>
<createdTime>2023-06-04 22:07:48 UTC</createdTime>
<ownerDesignName>Base</ownerDesignName>
<engineerTo>
<item key="B635E19F-2177-D45C-85FB-5357BCF91494" value="true"/>
</engineerTo>
<useDomainConstraints>false</useDomainConstraints>
<use>1</use>
<logicalDatatype>LOGDT011</logicalDatatype>
<ownDataTypeParameters>,,</ownDataTypeParameters>
</Attribute>
</attributes>
<identifiers itemClass="oracle.dbtools.crest.model.design.logical.CandidateKey">
<identifier id="084B1510-9EE6-09E9-B8DE-03BDD7F06FC1" name="Personal_cocina PK">
<createdBy>HP 2022</createdBy>
<createdTime>2023-06-04 22:08:31 UTC</createdTime>
<ownerDesignName>Base</ownerDesignName>
<engineerTo>
<item key="B635E19F-2177-D45C-85FB-5357BCF91494" value="true"/>
</engineerTo>
<pk>true</pk>
<usedAttributes>
<attributeRef>42E55A4A-3319-DECA-5E58-17EBD684B4F7</attributeRef>
</usedAttributes>
</identifier>
</identifiers>
</Entity>