<?xml version = '1.0' encoding = 'UTF-8'?>
<Diagram class="oracle.dbtools.crest.swingui.logical.DPVLogical" name="Logical" id="BD80B2E5-24E8-7820-2837-3C7F7F9592F1">
<createdBy>HP 2022</createdBy>
<modifiedBy>HP 2022</modifiedBy>
<createdTime>2023-06-02 12:00:58 UTC</createdTime>
<autoRoute>false</autoRoute>
<boxInbox>true</boxInbox>
<showLegend>false</showLegend>
<showLabels>false</showLabels>
<showRelAttributes>false</showRelAttributes>
<gridEnabled>false</gridEnabled>
<showGrid>false</showGrid>
<diagramColor>-1</diagramColor>
<display>false</display>
<notation>1</notation>
<objectViews>
<OView class="oracle.dbtools.crest.swingui.logical.TVEntity" oid="08FC5680-A4DE-CB17-24DB-544526151ED3" otype="Entity" vid="8E36366A-B44F-09FB-1679-8E68042106AB">
<hideElementsInCurrentOnly>false</hideElementsInCurrentOnly>
<bounds x="1314" y="955" width="170" height="118"/>
</OView>
<OView class="oracle.dbtools.crest.swingui.logical.TVEntity" oid="276E1279-F8DA-C0FC-D25D-1C6242E52677" otype="Entity" vid="04D6E861-3C5B-AC97-BBC9-19A24BEFD5AC">
<hideElementsInCurrentOnly>false</hideElementsInCurrentOnly>
<bounds x="1089" y="955" width="170" height="113"/>
</OView>
<OView class="oracle.dbtools.crest.swingui.logical.TVEntity" oid="39B49066-5E8E-0473-E4C6-F64E0D7A5E4E" otype="Entity" vid="AEBFB94B-6BFE-E04B-FAEF-0BD41257AE97">
<hideElementsInCurrentOnly>false</hideElementsInCurrentOnly>
<bounds x="2218" y="669" width="170" height="115"/>
</OView>
<OView class="oracle.dbtools.crest.swingui.logical.TVEntity" oid="428C944F-006D-D242-09B3-24303663C502" otype="Entity" vid="F0998136-BE80-4117-7BF7-AA4639ABAD6B">
<hideElementsInCurrentOnly>false</hideElementsInCurrentOnly>
<bounds x="477" y="905" width="170" height="110"/>
</OView>
<OView class="oracle.dbtools.crest.swingui.logical.TVEntity" oid="4751D036-DDDE-57B9-CDD5-D275C9A7D3DB" otype="Entity" vid="6B3F00F6-F16E-97D7-ACA0-A84F27BE3BB8">
<hideElementsInCurrentOnly>false</hideElementsInCurrentOnly>
<bounds x="459" y="796" width="235" height="235"/>
</OView>
<OView class="oracle.dbtools.crest.swingui.logical.TVEntity" oid="49E840A1-3E41-C63A-9FA6-F6AD3CDDFE64" otype="Entity" vid="75A571D6-743B-6FEE-9065-D9012789BF08">
<hideElementsInCurrentOnly>false</hideElementsInCurrentOnly>
<bounds x="1887" y="868" width="170" height="113"/>
</OView>
<OView class="oracle.dbtools.crest.swingui.logical.TVEntity" oid="54DA343D-B35D-7D96-9166-C1AC7802F325" otype="Entity" vid="5586B047-18C8-BA65-E6AE-2461EB280BF5">
<hideElementsInCurrentOnly>false</hideElementsInCurrentOnly>
<bounds x="1316" y="1222" width="170" height="118"/>
</OView>
<OView class="oracle.dbtools.crest.swingui.logical.TVEntity" oid="55AEF52E-5417-1516-9C70-7DDE2A967BEA" otype="Entity" vid="D9B5FFD9-BE09-940B-401F-90334DF4F35E">
<hideElementsInCurrentOnly>false</hideElementsInCurrentOnly>
<bounds x="1321" y="288" width="190" height="142"/>
</OView>
<OView class="oracle.dbtools.crest.swingui.logical.TVEntity" oid="596B6D6B-85A7-731B-C769-445A6F968EC5" otype="Entity" vid="71770C9C-EA14-18C5-DA8D-0BFA1FDAB470">
<hideElementsInCurrentOnly>false</hideElementsInCurrentOnly>
<bounds x="1840" y="1019" width="154" height="112"/>
</OView>
<OView class="oracle.dbtools.crest.swingui.logical.TVEntity" oid="5AE3411F-964F-B84B-E5BF-DA65CD858F73" otype="Entity" vid="DB50767B-ECD6-1CCF-928A-541AD82DC707">
<hideElementsInCurrentOnly>false</hideElementsInCurrentOnly>
<bounds x="567" y="644" width="170" height="114"/>
</OView>
<OView class="oracle.dbtools.crest.swingui.logical.TVEntity" oid="72927B8F-51C4-1053-9E88-E0B9FDE3E86A" otype="Entity" vid="075A6AB7-0DF3-EC3B-F0BD-915286D81234">
<hideElementsInCurrentOnly>false</hideElementsInCurrentOnly>
<bounds x="1559" y="1025" width="170" height="113"/>
</OView>
<OView class="oracle.dbtools.crest.swingui.logical.TVEntity" oid="7328E2BA-A98A-DCA9-87B3-7163135E0BF7" otype="Entity" vid="1D5A8770-40D5-04BF-F871-6EFF10FF4205">
<hideElementsInCurrentOnly>false</hideElementsInCurrentOnly>
<bounds x="1080" y="784" width="170" height="113"/>
</OView>
<OView class="oracle.dbtools.crest.swingui.logical.TVEntity" oid="78A4EE6D-4E3D-0367-D2C7-6F5AEBCF5703" otype="Entity" vid="3C0C6626-E316-A216-E1AB-A07C71D3C1A6">
<hideElementsInCurrentOnly>false</hideElementsInCurrentOnly>
<bounds x="2226" y="478" width="170" height="113"/>
</OView>
<OView class="oracle.dbtools.crest.swingui.logical.TVEntity" oid="7A1710AB-724E-9AB8-BC5E-BA200648B9E6" otype="Entity" vid="88A54287-66AA-D25F-8BAF-EED4255AFD3D">
<hideElementsInCurrentOnly>false</hideElementsInCurrentOnly>
<bounds x="2577" y="863" width="170" height="117"/>
</OView>
<OView class="oracle.dbtools.crest.swingui.logical.TVEntity" oid="7C883412-1069-D383-7734-0E3F1C2A4972" otype="Entity" vid="6C11A2B2-ED18-720A-CA4F-B103E73FF545">
<hideElementsInCurrentOnly>false</hideElementsInCurrentOnly>
<bounds x="1264" y="661" width="170" height="113"/>
</OView>
<OView class="oracle.dbtools.crest.swingui.logical.TVEntity" oid="7D3D9E5D-2CEB-D8EA-A292-794917E83AEF" otype="Entity" vid="719A2B13-3B7C-1A15-BEBC-0893D83BF184">
<hideElementsInCurrentOnly>false</hideElementsInCurrentOnly>
<bounds x="2426" y="477" width="170" height="113"/>
</OView>
<OView class="oracle.dbtools.crest.swingui.logical.TVEntity" oid="89BA9115-59C3-35C5-DA39-4DF1FF217ED7" otype="Entity" vid="A32BE751-0160-0640-8731-46ECE196754E">
<hideElementsInCurrentOnly>false</hideElementsInCurrentOnly>
<bounds x="1070" y="540" width="460" height="382"/>
</OView>
<OView class="oracle.dbtools.crest.swingui.logical.TVEntity" oid="8F768973-C0BC-CD57-655A-FFB370F4DA71" otype="Entity" vid="1A2BCA37-C859-33C1-4761-C95AFDE4ECAA">
<hideElementsInCurrentOnly>false</hideElementsInCurrentOnly>
<bounds x="1316" y="1089" width="170" height="118"/>
</OView>
<OView class="oracle.dbtools.crest.swingui.logical.TVEntity" oid="95690418-8F4E-3413-A05C-9D72C5CCEDA0" otype="Entity" vid="B92E39ED-BAA5-8D41-2324-645706B724DF">
<hideElementsInCurrentOnly>false</hideElementsInCurrentOnly>
<bounds x="406" y="468" width="170" height="114"/>
</OView>
<OView class="oracle.dbtools.crest.swingui.logical.TVEntity" oid="9A7BC19E-6B3D-C74E-A077-1B778B235F4A" otype="Entity" vid="85989C5E-2ABA-9B7F-B02F-10460D254C9B">
<hideElementsInCurrentOnly>false</hideElementsInCurrentOnly>
<bounds x="768" y="965" width="205" height="120"/>
</OView>
<OView class="oracle.dbtools.crest.swingui.logical.TVEntity" oid="9B3FB0FF-5F09-5830-D864-06B8F0AA8D01" otype="Entity" vid="31367268-9F2A-49BA-A53C-2B7CCFC38EBD">
<hideElementsInCurrentOnly>false</hideElementsInCurrentOnly>
<bounds x="1081" y="340" width="170" height="110"/>
</OView>
<OView class="oracle.dbtools.crest.swingui.logical.TVEntity" oid="AB5CA16B-5112-F0A4-A236-32CD26B4E5A6" otype="Entity" vid="BFC548B0-94DF-8247-6AEA-5803EF234727">
<hideElementsInCurrentOnly>false</hideElementsInCurrentOnly>
<bounds x="1945" y="682" width="170" height="112"/>
</OView>
<OView class="oracle.dbtools.crest.swingui.logical.TVEntity" oid="B0F1FB5A-AFF3-C7F4-A380-1BCE8A712E16" otype="Entity" vid="5B34548B-9062-2875-86CA-3D229109A5F1">
<hideElementsInCurrentOnly>false</hideElementsInCurrentOnly>
<bounds x="681" y="9" width="170" height="114"/>
</OView>
<OView class="oracle.dbtools.crest.swingui.logical.TVEntity" oid="B2C5D6AA-44EE-A780-CCDA-793B8A47B7DA" otype="Entity" vid="1D82828E-9CDE-6799-C52F-4C1CAC491F38">
<hideElementsInCurrentOnly>false</hideElementsInCurrentOnly>
<bounds x="1611" y="625" width="234" height="179"/>
</OView>
<OView class="oracle.dbtools.crest.swingui.logical.TVEntity" oid="C2631188-1304-94D9-2C51-A13915FC4B71" otype="Entity" vid="2D258D49-56D4-48FE-F7E2-A3F21C3A3FA5">
<hideElementsInCurrentOnly>false</hideElementsInCurrentOnly>
<bounds x="1928" y="608" width="235" height="209"/>
</OView>
<OView class="oracle.dbtools.crest.swingui.logical.TVEntity" oid="CC56C04D-7FCC-7F91-A7FC-90321FFA5E61" otype="Entity" vid="027FF960-B5AB-CF88-0838-93A9F4B3203E">
<hideElementsInCurrentOnly>false</hideElementsInCurrentOnly>
<bounds x="1319" y="1355" width="170" height="110"/>
</OView>
<OView class="oracle.dbtools.crest.swingui.logical.TVEntity" oid="CD0817C3-9B8B-9CA3-13A9-215217096CB7" otype="Entity" vid="9A5252AC-43C7-3DD8-0753-44662F1E63B2">
<hideElementsInCurrentOnly>false</hideElementsInCurrentOnly>
<bounds x="2429" y="670" width="170" height="113"/>
</OView>
<OView class="oracle.dbtools.crest.swingui.logical.TVEntity" oid="CE480B76-CAD3-8A5B-092D-D3FA424EC1AB" otype="Entity" vid="F5073ED1-CBB0-0A98-368F-D63F66BB4985">
<hideElementsInCurrentOnly>false</hideElementsInCurrentOnly>
<bounds x="410" y="338" width="170" height="114"/>
</OView>
<OView class="oracle.dbtools.crest.swingui.logical.TVEntity" oid="D41C21F0-2E21-5AED-9CB1-8E886CB39C51" otype="Entity" vid="F5EB13A3-14CA-A20A-70CE-4AEFBC9D865D">
<hideElementsInCurrentOnly>false</hideElementsInCurrentOnly>
<bounds x="1964" y="372" width="165" height="115"/>
</OView>
<OView class="oracle.dbtools.crest.swingui.logical.TVEntity" oid="D7B0246E-4D58-583F-BFC0-1ED0EA8D3C42" otype="Entity" vid="B1398FC7-7CC9-CB8B-99FB-DFBFEC7AEBB3">
<hideElementsInCurrentOnly>false</hideElementsInCurrentOnly>
<bounds x="2624" y="475" width="170" height="113"/>
</OView>
<OView class="oracle.dbtools.crest.swingui.logical.TVEntity" oid="E1CEE5DB-95C2-8BD3-FAFF-2520C8BAF9ED" otype="Entity" vid="AD444596-833C-7F1F-BC35-846940329283">
<hideElementsInCurrentOnly>false</hideElementsInCurrentOnly>
<bounds x="2351" y="868" width="170" height="113"/>
</OView>
<OView class="oracle.dbtools.crest.swingui.logical.TVEntity" oid="E5485326-4BFF-1E2F-DAFE-14C39737E984" otype="Entity" vid="BC5AD063-4F74-532C-63FB-50B1D87770A5">
<hideElementsInCurrentOnly>false</hideElementsInCurrentOnly>
<bounds x="1082" y="661" width="170" height="113"/>
</OView>
<OView class="oracle.dbtools.crest.swingui.logical.TVEntity" oid="ECE48A1B-78EE-49A7-A457-43D5765A1A6B" otype="Entity" vid="DD9AB1D1-D5FF-BB18-C020-2E1F0209AEF7">
<hideElementsInCurrentOnly>false</hideElementsInCurrentOnly>
<bounds x="2062" y="1023" width="211" height="146"/>
</OView>
<OView class="oracle.dbtools.crest.swingui.logical.TVEntity" oid="ED7F13AA-AAD6-CCBF-EDC0-0768019B7926" otype="Entity" vid="39E3A2E8-714A-A54B-FE34-D6D62F25E664">
<hideElementsInCurrentOnly>false</hideElementsInCurrentOnly>
<bounds x="665" y="321" width="170" height="114"/>
</OView>
<OView class="oracle.dbtools.crest.swingui.logical.TVEntity" oid="EE11EE56-7020-30A6-552C-2BC2A1663CAE" otype="Entity" vid="F3646DC4-C060-C22A-71A2-825FD9A437EF">
<hideElementsInCurrentOnly>false</hideElementsInCurrentOnly>
<bounds x="1634" y="880" width="170" height="113"/>
</OView>
<OView class="oracle.dbtools.crest.swingui.logical.TVEntity" oid="F5D209FA-2F0D-37BC-07CA-F4577670DF96" otype="Entity" vid="2682D71C-C7B1-8913-886E-C506D4D71F0C">
<hideElementsInCurrentOnly>false</hideElementsInCurrentOnly>
<bounds x="670" y="183" width="170" height="114"/>
</OView>
</objectViews>
<connectors>
<Connector class="oracle.dbtools.crest.swingui.logical.TVInheritanceRelation" oid="49098B21-86AA-6055-E740-9A3785721B8A" otype="Hierarchy relation" vid_source="2D258D49-56D4-48FE-F7E2-A3F21C3A3FA5" vid_target="BFC548B0-94DF-8247-6AEA-5803EF234727">
<hideElementsInCurrentOnly>false</hideElementsInCurrentOnly>
<backgroundColor>-65536</backgroundColor>
<lineWidth>1</lineWidth>
</Connector>
<Connector class="oracle.dbtools.crest.swingui.logical.TVInheritanceRelation" oid="ABB8607C-F851-605C-4238-3685178F07B7" otype="Hierarchy relation" vid_source="A32BE751-0160-0640-8731-46ECE196754E" vid_target="BC5AD063-4F74-532C-63FB-50B1D87770A5">
<hideElementsInCurrentOnly>false</hideElementsInCurrentOnly>
<backgroundColor>-65536</backgroundColor>
<lineWidth>1</lineWidth>
</Connector>
<Connector class="oracle.dbtools.crest.swingui.logical.TVInheritanceRelation" oid="B9AF9E1A-4DE3-56D0-135B-FD53E47CE9E9" otype="Hierarchy relation" vid_source="6B3F00F6-F16E-97D7-ACA0-A84F27BE3BB8" vid_target="F0998136-BE80-4117-7BF7-AA4639ABAD6B">
<hideElementsInCurrentOnly>false</hideElementsInCurrentOnly>
<backgroundColor>-65536</backgroundColor>
<lineWidth>1</lineWidth>
</Connector>
<Connector class="oracle.dbtools.crest.swingui.logical.TVInheritanceRelation" oid="C72B7807-DB52-853E-6A81-09D46D6C3C6F" otype="Hierarchy relation" vid_source="A32BE751-0160-0640-8731-46ECE196754E" vid_target="6C11A2B2-ED18-720A-CA4F-B103E73FF545">
<hideElementsInCurrentOnly>false</hideElementsInCurrentOnly>
<backgroundColor>-65536</backgroundColor>
<lineWidth>1</lineWidth>
</Connector>
<Connector class="oracle.dbtools.crest.swingui.logical.TVRelation" oid="DA8F0B7E-498A-2F06-7CA2-BBAFFFED1CA6" otype="Relation" vid_source="A32BE751-0160-0640-8731-46ECE196754E" vid_target="31367268-9F2A-49BA-A53C-2B7CCFC38EBD">
<hideElementsInCurrentOnly>false</hideElementsInCurrentOnly>
<backgroundColor>-16777216</backgroundColor>
<lineWidth>1</lineWidth>
<points>
<point x="1166" y="540"/>
<point x="1166" y="450"/>
</points>
</Connector>
<Connector class="oracle.dbtools.crest.swingui.logical.TVRelation" oid="E7C03414-3376-B34E-5EE9-F4C1AAD6CC8E" otype="Relation" vid_source="A32BE751-0160-0640-8731-46ECE196754E" vid_target="1D82828E-9CDE-6799-C52F-4C1CAC491F38">
<hideElementsInCurrentOnly>false</hideElementsInCurrentOnly>
<backgroundColor>-16777216</backgroundColor>
<lineWidth>1</lineWidth>
<points>
<point x="1530" y="714"/>
<point x="1611" y="714"/>
</points>
</Connector>
<Connector class="oracle.dbtools.crest.swingui.logical.TVInheritanceRelation" oid="F83F0A36-0F2E-5C6C-70EA-8219F64651FB" otype="Hierarchy relation" vid_source="A32BE751-0160-0640-8731-46ECE196754E" vid_target="1D5A8770-40D5-04BF-F871-6EFF10FF4205">
<hideElementsInCurrentOnly>false</hideElementsInCurrentOnly>
<backgroundColor>-65536</backgroundColor>
<lineWidth>1</lineWidth>
</Connector>
</connectors>
</Diagram>