<?xml version = '1.0' encoding = 'UTF-8'?>
<FKIndexAssociation class="oracle.dbtools.crest.model.design.relational.FKIndexAssociation" directorySegmentName="seg_0" id="1AC43D80-FB51-E2CD-2FAA-288D6FDA744F" containerWithKeyObject="F4CFBCFF-A4E0-8467-E352-442214E1A228" localFKIndex="08ED3AFD-F83B-663E-33E6-10317E839D59" name="Usuarios_VIP_Usuario_FK">
<createdBy>HP 2022</createdBy>
<createdTime>2023-06-13 02:34:26 UTC</createdTime>
<generatorID>B9AF9E1A-4DE3-56D0-135B-FD53E47CE9E9</generatorID>
<ownerDesignName>Base</ownerDesignName>
<referredTableLongName>Usuario</referredTableLongName>
<deleteRule>NO ACTION</deleteRule>
<referredTableID>47134868-7C89-BC5F-F5F1-9E1297DBC5FF</referredTableID>
<keyObject>95B56A48-CDE8-CD61-D3F8-5FBDDE500649</keyObject>
<referredKeyID>95B56A48-CDE8-CD61-D3F8-5FBDDE500649</referredKeyID>
<mandatory>true</mandatory>
<refColNames>ID_usuario</refColNames>
<transferable>true</transferable>
<rely>false</rely>
<columnDependencyConstraintGenerateInDDL>true</columnDependencyConstraintGenerateInDDL>
</FKIndexAssociation>