<?xml version = '1.0' encoding = 'UTF-8'?>
<FKIndexAssociation class="oracle.dbtools.crest.model.design.relational.FKIndexAssociation" directorySegmentName="seg_0" id="34BD9AB6-339F-FE47-6465-3703271AEA88" containerWithKeyObject="09E96222-AD94-6F0F-FE20-6765309BAF09" localFKIndex="5EFA926E-8D39-F85B-CE8F-DA397A9B8283" name="Empleados_Trabajos_FK">
<createdBy>HP 2022</createdBy>
<createdTime>2023-06-13 02:42:45 UTC</createdTime>
<generatorID>DA8F0B7E-498A-2F06-7CA2-BBAFFFED1CA6</generatorID>
<ownerDesignName>Base</ownerDesignName>
<referredTableLongName>Trabajos</referredTableLongName>
<deleteRule>NO ACTION</deleteRule>
<referredTableID>187BA409-3383-EF78-C7EE-0ABB38845315</referredTableID>
<keyObject>229E516C-514D-FD0E-335D-83A416228551</keyObject>
<referredKeyID>229E516C-514D-FD0E-335D-83A416228551</referredKeyID>
<mandatory>true</mandatory>
<refColNames>ID_trabajo</refColNames>
<transferable>true</transferable>
<rely>false</rely>
<columnDependencyConstraintGenerateInDDL>true</columnDependencyConstraintGenerateInDDL>
</FKIndexAssociation>