<?xml version = '1.0' encoding = 'UTF-8'?>
<FKIndexAssociation class="oracle.dbtools.crest.model.design.relational.FKIndexAssociation" directorySegmentName="seg_0" id="36B790C5-2DDF-0C99-0ACC-347E1C8BEFFC" containerWithKeyObject="CFF8CB87-B8AC-9F9A-3F16-446C606083F5" localFKIndex="83AF971B-8223-E47E-07AC-0523D440BB3A" name="Personal_extra_Empleados_FK">
<createdBy>HP 2022</createdBy>
<createdTime>2023-06-13 02:34:26 UTC</createdTime>
<generatorID>C72B7807-DB52-853E-6A81-09D46D6C3C6F</generatorID>
<ownerDesignName>Base</ownerDesignName>
<referredTableLongName>Empleados</referredTableLongName>
<arc>E55155CA-11F3-A6CB-A364-55829DA2BF01</arc>
<deleteRule>NO ACTION</deleteRule>
<referredTableID>09E96222-AD94-6F0F-FE20-6765309BAF09</referredTableID>
<keyObject>10866287-B71A-D4A5-86F7-3B7D63F83EBE</keyObject>
<referredKeyID>10866287-B71A-D4A5-86F7-3B7D63F83EBE</referredKeyID>
<mandatory>true</mandatory>
<refColNames>ID_Empleado</refColNames>
<transferable>true</transferable>
<rely>false</rely>
<columnDependencyConstraintGenerateInDDL>true</columnDependencyConstraintGenerateInDDL>
</FKIndexAssociation>