<?xml version = '1.0' encoding = 'UTF-8'?>
<FKIndexAssociation class="oracle.dbtools.crest.model.design.relational.FKIndexAssociation" directorySegmentName="seg_0" id="473F76B2-620D-7AAC-4D09-0CCBCB3C5A73" containerWithKeyObject="187BA409-3383-EF78-C7EE-0ABB38845315" localFKIndex="AA33A22D-B002-ACCA-37F7-DAFBC0568315" name="Trabajos_Empleados_FK">
<createdBy>HP 2022</createdBy>
<createdTime>2023-06-13 02:42:45 UTC</createdTime>
<generatorID>DA8F0B7E-498A-2F06-7CA2-BBAFFFED1CA6</generatorID>
<ownerDesignName>Base</ownerDesignName>
<referredTableLongName>Empleados</referredTableLongName>
<deleteRule>NO ACTION</deleteRule>
<referredTableID>09E96222-AD94-6F0F-FE20-6765309BAF09</referredTableID>
<keyObject>10866287-B71A-D4A5-86F7-3B7D63F83EBE</keyObject>
<referredKeyID>10866287-B71A-D4A5-86F7-3B7D63F83EBE</referredKeyID>
<mandatory>true</mandatory>
<refColNames>ID_Empleado</refColNames>
<transferable>true</transferable>
<rely>false</rely>
<columnDependencyConstraintGenerateInDDL>true</columnDependencyConstraintGenerateInDDL>
</FKIndexAssociation>