<?xml version = '1.0' encoding = 'UTF-8'?>
<FKIndexAssociation class="oracle.dbtools.crest.model.design.relational.FKIndexAssociation" directorySegmentName="seg_0" id="643A0833-5B57-1612-FF78-41F4E81AF49F" containerWithKeyObject="1C690A2D-348C-276E-5D97-D6133E1749F6" localFKIndex="6296B7B2-B262-F0BF-C4EA-DC3698A4FF8E" name="Personal_cocina_Empleados_FK">
<createdBy>HP 2022</createdBy>
<createdTime>2023-06-13 02:34:26 UTC</createdTime>
<generatorID>ABB8607C-F851-605C-4238-3685178F07B7</generatorID>
<ownerDesignName>Base</ownerDesignName>
<referredTableLongName>Empleados</referredTableLongName>
<arc>E55155CA-11F3-A6CB-A364-55829DA2BF01</arc>
<deleteRule>NO ACTION</deleteRule>
<referredTableID>09E96222-AD94-6F0F-FE20-6765309BAF09</referredTableID>
<keyObject>10866287-B71A-D4A5-86F7-3B7D63F83EBE</keyObject>
<referredKeyID>10866287-B71A-D4A5-86F7-3B7D63F83EBE</referredKeyID>
<mandatory>true</mandatory>
<refColNames>ID_Empleado</refColNames>
<transferable>true</transferable>
<rely>false</rely>
<columnDependencyConstraintGenerateInDDL>true</columnDependencyConstraintGenerateInDDL>
</FKIndexAssociation>