<?xml version = '1.0' encoding = 'UTF-8'?>
<FKArc class="oracle.dbtools.crest.model.design.relational.FKArc" directorySegmentName="seg_0" id="E55155CA-11F3-A6CB-A364-55829DA2BF01" name="FKArc_1">
<createdBy>HP 2022</createdBy>
<createdTime>2023-06-13 02:34:26 UTC</createdTime>
<ownerDesignName>Base</ownerDesignName>
<mandatory>false</mandatory>
<reverseArc>true</reverseArc>
<table>09E96222-AD94-6F0F-FE20-6765309BAF09</table>
<fkeys>
<fkeyID>643A0833-5B57-1612-FF78-41F4E81AF49F</fkeyID>
<fkeyID>36B790C5-2DDF-0C99-0ACC-347E1C8BEFFC</fkeyID>
<fkeyID>944F4E69-3E9B-4062-F452-2B5D17B1B6DD</fkeyID>
</fkeys>
</FKArc>